sellerSku,itemName,category,brand,costPrice
SKU-A,Single-Lever Basin Faucet,Faucets,AquaLine,900
SKU-B,Shower Drain Cover,Drainage,AquaLine,250
SKU-C,Smart Bidet Seat,Smart Sanitary,NeoBath,2100
SKU-D,Ceramic Wash Basin,Basins,AquaLine,1200
SKU-E,Rainfall Shower Set,Showers,NeoBath,2800
SKU-F,Dual-Flush Toilet,Toilets,NeoBath,2400
